Workbook

Sheet Parámetros
A1: Parámetros del modelo (editar solo las celdas azules)
A3: Parámetro | B3: Valor | C3: Descripción
A4: U0 | B4: 150 | C4: Usuarios iniciales
A5: r | B5: 0.25 | C5: Crecimiento mensual (0.25 = 25 %)
A6: Meta de usuarios | B6: 3000 | C6: Pregunta 1
A7: Capacidad | B7: 5000 | C7: Asíntota vertical de L(u): colapso del servidor
A8: Numerador de L(u) | B8: 100 | C8: L(u) = numerador / (capacidad - u), en ms
A9: Latencia máxima (ms) | B9: 2000 | C9: Pregunta 2: 2 s = 2000 ms
A10: a | B10: -0.5 | C10: Coeficiente de x² en P(x)
A11: b | B11: 1000 | C11: Coeficiente de x en P(x)
A12: c | B12: -5000 | C12: Término independiente de P(x)
A14: Fuente: valores del enunciado 'Proyecto Final: Escalamiento y Servidores de un Sistema en la Nube'.

Sheet Resultados
A1: Resultados de las 3 preguntas
A3: Resultado | B3: Valor | C3: Fórmula
A4: P1: mes exacto en que U(t) = meta | B4: =LN('Parámetros'!$B$6/'Parámetros'!$B$4)/LN(1+'Parámetros'!$B$5) | C4: t = ln(meta/U0) / ln(1+r)
A5: P1: primer mes entero que supera la meta | B5: =INT(B4)+1 | C5: Se redondea hacia arriba el mes exacto
A6: P2: usuarios a partir de los cuales L(u) > 2000 ms | B6: ='Parámetros'!$B$7-'Parámetros'!$B$8/'Parámetros'!$B$9 | C6: u > capacidad - numerador / latencia
A7: P3: precio óptimo h ($) | B7: =-'Parámetros'!$B$11/(2*'Parámetros'!$B$10) | C7: h = -b / (2a)
A8: P3: utilidad máxima k ($) | B8: ='Parámetros'!$B$10*B7^2+'Parámetros'!$B$11*B7+'Parámetros'!$B$12 | C8: k = P(h)
A9: Mes en que U(t) llega a la capacidad | B9: =LN('Parámetros'!$B$7/'Parámetros'!$B$4)/LN(1+'Parámetros'!$B$5) | C9: t = ln(capacidad/U0) / ln(1+r)
A10: Usuarios en el último mes completo antes del colapso | B10: ='Parámetros'!$B$4*(1+'Parámetros'!$B$5)^INT(B9) | C10: U(INT(t_colapso))

Sheet Usuarios
A1: t (meses) | B1: U(t) usuarios | C1: ¿Supera la meta? | D1: ¿Supera la capacidad?
A2: 0 | B2: ='Parámetros'!$B$4*(1+'Parámetros'!$B$5)^A2 | C2: =IF(B2>'Parámetros'!$B$6,"Sí","No") | D2: =IF(B2>'Parámetros'!$B$7,"Sí","No")
A3: 1 | B3: ='Parámetros'!$B$4*(1+'Parámetros'!$B$5)^A3 | C3: =IF(B3>'Parámetros'!$B$6,"Sí","No") | D3: =IF(B3>'Parámetros'!$B$7,"Sí","No")
A4: 2 | B4: ='Parámetros'!$B$4*(1+'Parámetros'!$B$5)^A4 | C4: =IF(B4>'Parámetros'!$B$6,"Sí","No") | D4: =IF(B4>'Parámetros'!$B$7,"Sí","No")
A5: 3 | B5: ='Parámetros'!$B$4*(1+'Parámetros'!$B$5)^A5 | C5: =IF(B5>'Parámetros'!$B$6,"Sí","No") | D5: =IF(B5>'Parámetros'!$B$7,"Sí","No")
A6: 4 | B6: ='Parámetros'!$B$4*(1+'Parámetros'!$B$5)^A6 | C6: =IF(B6>'Parámetros'!$B$6,"Sí","No") | D6: =IF(B6>'Parámetros'!$B$7,"Sí","No")
A7: 5 | B7: ='Parámetros'!$B$4*(1+'Parámetros'!$B$5)^A7 | C7: =IF(B7>'Parámetros'!$B$6,"Sí","No") | D7: =IF(B7>'Parámetros'!$B$7,"Sí","No")
A8: 6 | B8: ='Parámetros'!$B$4*(1+'Parámetros'!$B$5)^A8 | C8: =IF(B8>'Parámetros'!$B$6,"Sí","No") | D8: =IF(B8>'Parámetros'!$B$7,"Sí","No")
A9: 7 | B9: ='Parámetros'!$B$4*(1+'Parámetros'!$B$5)^A9 | C9: =IF(B9>'Parámetros'!$B$6,"Sí","No") | D9: =IF(B9>'Parámetros'!$B$7,"Sí","No")
A10: 8 | B10: ='Parámetros'!$B$4*(1+'Parámetros'!$B$5)^A10 | C10: =IF(B10>'Parámetros'!$B$6,"Sí","No") | D10: =IF(B10>'Parámetros'!$B$7,"Sí","No")
A11: 9 | B11: ='Parámetros'!$B$4*(1+'Parámetros'!$B$5)^A11 | C11: =IF(B11>'Parámetros'!$B$6,"Sí","No") | D11: =IF(B11>'Parámetros'!$B$7,"Sí","No")
A12: 10 | B12: ='Parámetros'!$B$4*(1+'Parámetros'!$B$5)^A12 | C12: =IF(B12>'Parámetros'!$B$6,"Sí","No") | D12: =IF(B12>'Parámetros'!$B$7,"Sí","No")
A13: 11 | B13: ='Parámetros'!$B$4*(1+'Parámetros'!$B$5)^A13 | C13: =IF(B13>'Parámetros'!$B$6,"Sí","No") | D13: =IF(B13>'Parámetros'!$B$7,"Sí","No")
... A26: 24 | B26: ='Parámetros'!$B$4*(1+'Parámetros'!$B$5)^A26 | C26: =IF(B26>'Parámetros'!$B$6,"Sí","No") | D26: =IF(B26>'Parámetros'!$B$7,"Sí","No")

Sheet Latencia
A1: u (usuarios) | B1: L(u) en ms | C1: ¿Supera 2000 ms?
A2: 0 | B2: =IF(A2<'Parámetros'!$B$7,'Parámetros'!$B$8/('Parámetros'!$B$7-A2),"Indefinida") | C2: =IF(ISNUMBER(B2),IF(B2>'Parámetros'!$B$9,"Sí","No"),"Colapso")
A3: 1000 | B3: =IF(A3<'Parámetros'!$B$7,'Parámetros'!$B$8/('Parámetros'!$B$7-A3),"Indefinida") | C3: =IF(ISNUMBER(B3),IF(B3>'Parámetros'!$B$9,"Sí","No"),"Colapso")
A4: 2000 | B4: =IF(A4<'Parámetros'!$B$7,'Parámetros'!$B$8/('Parámetros'!$B$7-A4),"Indefinida") | C4: =IF(ISNUMBER(B4),IF(B4>'Parámetros'!$B$9,"Sí","No"),"Colapso")
A5: 3000 | B5: =IF(A5<'Parámetros'!$B$7,'Parámetros'!$B$8/('Parámetros'!$B$7-A5),"Indefinida") | C5: =IF(ISNUMBER(B5),IF(B5>'Parámetros'!$B$9,"Sí","No"),"Colapso")
A6: 4000 | B6: =IF(A6<'Parámetros'!$B$7,'Parámetros'!$B$8/('Parámetros'!$B$7-A6),"Indefinida") | C6: =IF(ISNUMBER(B6),IF(B6>'Parámetros'!$B$9,"Sí","No"),"Colapso")
A7: 4500 | B7: =IF(A7<'Parámetros'!$B$7,'Parámetros'!$B$8/('Parámetros'!$B$7-A7),"Indefinida") | C7: =IF(ISNUMBER(B7),IF(B7>'Parámetros'!$B$9,"Sí","No"),"Colapso")
A8: 4900 | B8: =IF(A8<'Parámetros'!$B$7,'Parámetros'!$B$8/('Parámetros'!$B$7-A8),"Indefinida") | C8: =IF(ISNUMBER(B8),IF(B8>'Parámetros'!$B$9,"Sí","No"),"Colapso")
A9: 4990 | B9: =IF(A9<'Parámetros'!$B$7,'Parámetros'!$B$8/('Parámetros'!$B$7-A9),"Indefinida") | C9: =IF(ISNUMBER(B9),IF(B9>'Parámetros'!$B$9,"Sí","No"),"Colapso")
A10: 4999 | B10: =IF(A10<'Parámetros'!$B$7,'Parámetros'!$B$8/('Parámetros'!$B$7-A10),"Indefinida") | C10: =IF(ISNUMBER(B10),IF(B10>'Parámetros'!$B$9,"Sí","No"),"Colapso")
A11: 4999.9 | B11: =IF(A11<'Parámetros'!$B$7,'Parámetros'!$B$8/('Parámetros'!$B$7-A11),"Indefinida") | C11: =IF(ISNUMBER(B11),IF(B11>'Parámetros'!$B$9,"Sí","No"),"Colapso")
A12: 4999.95 | B12: =IF(A12<'Parámetros'!$B$7,'Parámetros'!$B$8/('Parámetros'!$B$7-A12),"Indefinida") | C12: =IF(ISNUMBER(B12),IF(B12>'Parámetros'!$B$9,"Sí","No"),"Colapso")
A13: 4999.96 | B13: =IF(A13<'Parámetros'!$B$7,'Parámetros'!$B$8/('Parámetros'!$B$7-A13),"Indefinida") | C13: =IF(ISNUMBER(B13),IF(B13>'Parámetros'!$B$9,"Sí","No"),"Colapso")
... A15: 5000 | B15: =IF(A15<'Parámetros'!$B$7,'Parámetros'!$B$8/('Parámetros'!$B$7-A15),"Indefinida") | C15: =IF(ISNUMBER(B15),IF(B15>'Parámetros'!$B$9,"Sí","No"),"Colapso")
A17: En u = 4999.95 la latencia es exactamente 2000 ms (no la supera). u = 5000 es la asíntota: la función no está definida.

Sheet Utilidad
A1: x (precio, $) | B1: P(x) utilidad ($)
A2: 0 | B2: ='Parámetros'!$B$10*A2^2+'Parámetros'!$B$11*A2+'Parámetros'!$B$12
A3: 100 | B3: ='Parámetros'!$B$10*A3^2+'Parámetros'!$B$11*A3+'Parámetros'!$B$12
A4: 200 | B4: ='Parámetros'!$B$10*A4^2+'Parámetros'!$B$11*A4+'Parámetros'!$B$12
A5: 300 | B5: ='Parámetros'!$B$10*A5^2+'Parámetros'!$B$11*A5+'Parámetros'!$B$12
A6: 400 | B6: ='Parámetros'!$B$10*A6^2+'Parámetros'!$B$11*A6+'Parámetros'!$B$12
A7: 500 | B7: ='Parámetros'!$B$10*A7^2+'Parámetros'!$B$11*A7+'Parámetros'!$B$12
A8: 600 | B8: ='Parámetros'!$B$10*A8^2+'Parámetros'!$B$11*A8+'Parámetros'!$B$12
A9: 700 | B9: ='Parámetros'!$B$10*A9^2+'Parámetros'!$B$11*A9+'Parámetros'!$B$12
A10: 800 | B10: ='Parámetros'!$B$10*A10^2+'Parámetros'!$B$11*A10+'Parámetros'!$B$12
A11: 900 | B11: ='Parámetros'!$B$10*A11^2+'Parámetros'!$B$11*A11+'Parámetros'!$B$12
A12: 1000 | B12: ='Parámetros'!$B$10*A12^2+'Parámetros'!$B$11*A12+'Parámetros'!$B$12
A13: 1100 | B13: ='Parámetros'!$B$10*A13^2+'Parámetros'!$B$11*A13+'Parámetros'!$B$12
... A22: 2000 | B22: ='Parámetros'!$B$10*A22^2+'Parámetros'!$B$11*A22+'Parámetros'!$B$12
